titulo,catalogo,sjr,q,h_index,total_citas,url_revista,pais,area,publisher,issn,widget
Nature Reviews Earth and Environment,journal,9.521,Q1,67,7894,https://www.scimagojr.com/journalsearch.php?q=21101049051&tip=sid&clean=0,Switzerland,"{'Earth and Planetary Sciences': ['Atmospheric Science', 'Earth-Surface Processes'], 'Environmental Science': ['Nature and Landscape Conservation', 'Pollution']}",Springer International Publishing,2662138X,"<a href=""https://www.scimagojr.com/journalsearch.php?q=21101049051&amp;tip=sid&amp;exact=no"" title=""SCImago Journal &amp; Country Rank""><img border=""0"" src=""https://www.scimagojr.com/journal_img.php?id=21101049051"" alt=""SCImago Journal &amp; Country Rank""  /></a>"
Quarterly Journal of the Royal Meteorological Society,journal,4.347,Q1,166,6093,https://www.scimagojr.com/journalsearch.php?q=14082&tip=sid&clean=0,United States,{'Earth and Planetary Sciences': ['Atmospheric Science']},Wiley-Blackwell,"00359009, 1477870X","<a href=""https://www.scimagojr.com/journalsearch.php?q=14082&amp;tip=sid&amp;exact=no"" title=""SCImago Journal &amp; Country Rank""><img border=""0"" src=""https://www.scimagojr.com/journal_img.php?id=14082"" alt=""SCImago Journal &amp; Country Rank""  /></a>"
Current Climate Change Reports,journal,3.713,Q1,53,288,https://www.scimagojr.com/journalsearch.php?q=21100873474&tip=sid&clean=0,Switzerland,"{'Earth and Planetary Sciences': ['Atmospheric Science'], 'Environmental Science': ['Global and Planetary Change']}",Springer International Publishing AG,21986061,"<a href=""https://www.scimagojr.com/journalsearch.php?q=21100873474&amp;tip=sid&amp;exact=no"" title=""SCImago Journal &amp; Country Rank""><img border=""0"" src=""https://www.scimagojr.com/journal_img.php?id=21100873474"" alt=""SCImago Journal &amp; Country Rank""  /></a>"
Wiley Interdisciplinary Reviews: Climate Change,journal,3.236,Q1,113,2022,https://www.scimagojr.com/journalsearch.php?q=19900191605&tip=sid&clean=0,United States,"{'Earth and Planetary Sciences': ['Atmospheric Science'], 'Environmental Science': ['Global and Planetary Change'], 'Social Sciences': ['Geography, Planning and Development']}",John Wiley & Sons Inc.,"17577780, 17577799","<a href=""https://www.scimagojr.com/journalsearch.php?q=19900191605&amp;tip=sid&amp;exact=no"" title=""SCImago Journal &amp; Country Rank""><img border=""0"" src=""https://www.scimagojr.com/journal_img.php?id=19900191605"" alt=""SCImago Journal &amp; Country Rank""  /></a>"
npj Climate and Atmospheric Science,journal,2.946,Q1,46,1716,https://www.scimagojr.com/journalsearch.php?q=21100982468&tip=sid&clean=0,United States,"{'Earth and Planetary Sciences': ['Atmospheric Science'], 'Environmental Science': ['Environmental Chemistry', 'Global and Planetary Change']}",Springer Nature,23973722,"<a href=""https://www.scimagojr.com/journalsearch.php?q=21100982468&amp;tip=sid&amp;exact=no"" title=""SCImago Journal &amp; Country Rank""><img border=""0"" src=""https://www.scimagojr.com/journal_img.php?id=21100982468"" alt=""SCImago Journal &amp; Country Rank""  /></a>"
Journal of Climate,journal,2.464,Q1,330,8542,https://www.scimagojr.com/journalsearch.php?q=13550&tip=sid&clean=0,United States,{'Earth and Planetary Sciences': ['Atmospheric Science']},American Meteorological Society,"08948755, 15200442","<a href=""https://www.scimagojr.com/journalsearch.php?q=13550&amp;tip=sid&amp;exact=no"" title=""SCImago Journal &amp; Country Rank""><img border=""0"" src=""https://www.scimagojr.com/journal_img.php?id=13550"" alt=""SCImago Journal &amp; Country Rank""  /></a>"
Global Biogeochemical Cycles,journal,2.387,Q1,212,2223,https://www.scimagojr.com/journalsearch.php?q=21848&tip=sid&clean=0,United States,"{'Earth and Planetary Sciences': ['Atmospheric Science'], 'Environmental Science': ['Environmental Chemistry', 'Environmental Science (miscellaneous)', 'Global and Planetary Change']}",Wiley-Blackwell,"08866236, 19449224","<a href=""https://www.scimagojr.com/journalsearch.php?q=21848&amp;tip=sid&amp;exact=no"" title=""SCImago Journal &amp; Country Rank""><img border=""0"" src=""https://www.scimagojr.com/journal_img.php?id=21848"" alt=""SCImago Journal &amp; Country Rank""  /></a>"
Weather and Climate Dynamics,journal,2.356,Q1,18,746,https://www.scimagojr.com/journalsearch.php?q=21101089403&tip=sid&clean=0,Germany,{'Earth and Planetary Sciences': ['Atmospheric Science']},Copernicus Gesellschaft mbH,26984016,"<a href=""https://www.scimagojr.com/journalsearch.php?q=21101089403&amp;tip=sid&amp;exact=no"" title=""SCImago Journal &amp; Country Rank""><img border=""0"" src=""https://www.scimagojr.com/journal_img.php?id=21101089403"" alt=""SCImago Journal &amp; Country Rank""  /></a>"
Climate Policy,journal,2.245,Q1,85,2149,https://www.scimagojr.com/journalsearch.php?q=22524&tip=sid&clean=0,United Kingdom,"{'Earth and Planetary Sciences': ['Atmospheric Science'], 'Environmental Science': ['Environmental Science (miscellaneous)', 'Global and Planetary Change', 'Management, Monitoring, Policy and Law']}",Taylor and Francis Ltd.,"14693062, 17527457","<a href=""https://www.scimagojr.com/journalsearch.php?q=22524&amp;tip=sid&amp;exact=no"" title=""SCImago Journal &amp; Country Rank""><img border=""0"" src=""https://www.scimagojr.com/journal_img.php?id=22524"" alt=""SCImago Journal &amp; Country Rank""  /></a>"
Bulletin of the American Meteorological Society,journal,2.149,Q1,231,3433,https://www.scimagojr.com/journalsearch.php?q=12074&tip=sid&clean=0,United States,{'Earth and Planetary Sciences': ['Atmospheric Science']},American Meteorological Society,"00030007, 15200477","<a href=""https://www.scimagojr.com/journalsearch.php?q=12074&amp;tip=sid&amp;exact=no"" title=""SCImago Journal &amp; Country Rank""><img border=""0"" src=""https://www.scimagojr.com/journal_img.php?id=12074"" alt=""SCImago Journal &amp; Country Rank""  /></a>"
Atmospheric Chemistry and Physics,journal,2.138,Q1,253,14519,https://www.scimagojr.com/journalsearch.php?q=12091&tip=sid&clean=0,Germany,{'Earth and Planetary Sciences': ['Atmospheric Science']},Copernicus Publications,"16807316, 16807324","<a href=""https://www.scimagojr.com/journalsearch.php?q=12091&amp;tip=sid&amp;exact=no"" title=""SCImago Journal &amp; Country Rank""><img border=""0"" src=""https://www.scimagojr.com/journal_img.php?id=12091"" alt=""SCImago Journal &amp; Country Rank""  /></a>"
Weather and Climate Extremes,journal,2.049,Q1,57,1908,https://www.scimagojr.com/journalsearch.php?q=21100265617&tip=sid&clean=0,Netherlands,"{'Earth and Planetary Sciences': ['Atmospheric Science'], 'Environmental Science': ['Management, Monitoring, Policy and Law'], 'Social Sciences': ['Geography, Planning and Development']}",Elsevier B.V.,22120947,"<a href=""https://www.scimagojr.com/journalsearch.php?q=21100265617&amp;tip=sid&amp;exact=no"" title=""SCImago Journal &amp; Country Rank""><img border=""0"" src=""https://www.scimagojr.com/journal_img.php?id=21100265617"" alt=""SCImago Journal &amp; Country Rank""  /></a>"
Climate Dynamics,journal,1.958,Q1,191,6350,https://www.scimagojr.com/journalsearch.php?q=12172&tip=sid&clean=0,Germany,{'Earth and Planetary Sciences': ['Atmospheric Science']},Springer Verlag,"09307575, 14320894","<a href=""https://www.scimagojr.com/journalsearch.php?q=12172&amp;tip=sid&amp;exact=no"" title=""SCImago Journal &amp; Country Rank""><img border=""0"" src=""https://www.scimagojr.com/journal_img.php?id=12172"" alt=""SCImago Journal &amp; Country Rank""  /></a>"
Journal of Southern Hemisphere Earth Systems Science,journal,1.849,Q1,12,277,https://www.scimagojr.com/journalsearch.php?q=21100843798&tip=sid&clean=0,Australia,"{'Earth and Planetary Sciences': ['Atmospheric Science', 'Oceanography'], 'Environmental Science': ['Global and Planetary Change']}",CSIRO,22065865,"<a href=""https://www.scimagojr.com/journalsearch.php?q=21100843798&amp;tip=sid&amp;exact=no"" title=""SCImago Journal &amp; Country Rank""><img border=""0"" src=""https://www.scimagojr.com/journal_img.php?id=21100843798"" alt=""SCImago Journal &amp; Country Rank""  /></a>"
Advances in Atmospheric Sciences,journal,1.846,Q1,87,2184,https://www.scimagojr.com/journalsearch.php?q=12064&tip=sid&clean=0,China,{'Earth and Planetary Sciences': ['Atmospheric Science']},Science China Press,"02561530, 18619533","<a href=""https://www.scimagojr.com/journalsearch.php?q=12064&amp;tip=sid&amp;exact=no"" title=""SCImago Journal &amp; Country Rank""><img border=""0"" src=""https://www.scimagojr.com/journal_img.php?id=12064"" alt=""SCImago Journal &amp; Country Rank""  /></a>"
Journals of the Atmospheric Sciences,journal,1.830,Q1,190,1897,https://www.scimagojr.com/journalsearch.php?q=13552&tip=sid&clean=0,United States,{'Earth and Planetary Sciences': ['Atmospheric Science']},American Meteorological Society,"00224928, 15200469","<a href=""https://www.scimagojr.com/journalsearch.php?q=13552&amp;tip=sid&amp;exact=no"" title=""SCImago Journal &amp; Country Rank""><img border=""0"" src=""https://www.scimagojr.com/journal_img.php?id=13552"" alt=""SCImago Journal &amp; Country Rank""  /></a>"
Journal of Geophysical Research: Atmospheres,journal,1.710,Q1,126,9812,https://www.scimagojr.com/journalsearch.php?q=21101038508&tip=sid&clean=0,United States,"{'Earth and Planetary Sciences': ['Atmospheric Science', 'Earth and Planetary Sciences (miscellaneous)', 'Geophysics', 'Space and Planetary Science']}",Wiley-Blackwell Publishing Ltd,"2169897X, 21698996","<a href=""https://www.scimagojr.com/journalsearch.php?q=21101038508&amp;tip=sid&amp;exact=no"" title=""SCImago Journal &amp; Country Rank""><img border=""0"" src=""https://www.scimagojr.com/journal_img.php?id=21101038508"" alt=""SCImago Journal &amp; Country Rank""  /></a>"
Agricultural and Forest Meteorology,journal,1.677,Q1,196,7255,https://www.scimagojr.com/journalsearch.php?q=12067&tip=sid&clean=0,Netherlands,"{'Agricultural and Biological Sciences': ['Agronomy and Crop Science', 'Forestry'], 'Earth and Planetary Sciences': ['Atmospheric Science'], 'Environmental Science': ['Global and Planetary Change']}",Elsevier B.V.,01681923,"<a href=""https://www.scimagojr.com/journalsearch.php?q=12067&amp;tip=sid&amp;exact=no"" title=""SCImago Journal &amp; Country Rank""><img border=""0"" src=""https://www.scimagojr.com/journal_img.php?id=12067"" alt=""SCImago Journal &amp; Country Rank""  /></a>"
Monthly Weather Review,journal,1.633,Q1,206,1937,https://www.scimagojr.com/journalsearch.php?q=13482&tip=sid&clean=0,United States,{'Earth and Planetary Sciences': ['Atmospheric Science']},American Meteorological Society,"00270644, 15200493","<a href=""https://www.scimagojr.com/journalsearch.php?q=13482&amp;tip=sid&amp;exact=no"" title=""SCImago Journal &amp; Country Rank""><img border=""0"" src=""https://www.scimagojr.com/journal_img.php?id=13482"" alt=""SCImago Journal &amp; Country Rank""  /></a>"
Journal of the Meteorological Society of Japan,journal,1.595,Q1,93,540,https://www.scimagojr.com/journalsearch.php?q=13444&tip=sid&clean=0,Japan,{'Earth and Planetary Sciences': ['Atmospheric Science']},Meteorological Society of Japan,"00261165, 21869057","<a href=""https://www.scimagojr.com/journalsearch.php?q=13444&amp;tip=sid&amp;exact=no"" title=""SCImago Journal &amp; Country Rank""><img border=""0"" src=""https://www.scimagojr.com/journal_img.php?id=13444"" alt=""SCImago Journal &amp; Country Rank""  /></a>"
Paleoceanography and Paleoclimatology,journal,1.587,Q1,142,1246,https://www.scimagojr.com/journalsearch.php?q=21100852202&tip=sid&clean=0,United States,"{'Earth and Planetary Sciences': ['Atmospheric Science', 'Oceanography', 'Paleontology']}",John Wiley and Sons Inc.,"25724517, 25724525","<a href=""https://www.scimagojr.com/journalsearch.php?q=21100852202&amp;tip=sid&amp;exact=no"" title=""SCImago Journal &amp; Country Rank""><img border=""0"" src=""https://www.scimagojr.com/journal_img.php?id=21100852202"" alt=""SCImago Journal &amp; Country Rank""  /></a>"
Advances in Climate Change Research,journal,1.551,Q1,46,1392,https://www.scimagojr.com/journalsearch.php?q=21100310030&tip=sid&clean=0,China,"{'Earth and Planetary Sciences': ['Atmospheric Science'], 'Environmental Science': ['Global and Planetary Change', 'Management, Monitoring, Policy and Law']}",KeAi Communications Co.,"16749278, 25241761","<a href=""https://www.scimagojr.com/journalsearch.php?q=21100310030&amp;tip=sid&amp;exact=no"" title=""SCImago Journal &amp; Country Rank""><img border=""0"" src=""https://www.scimagojr.com/journal_img.php?id=21100310030"" alt=""SCImago Journal &amp; Country Rank""  /></a>"
Boundary-Layer Meteorology,journal,1.490,Q1,129,931,https://www.scimagojr.com/journalsearch.php?q=12132&tip=sid&clean=0,Netherlands,{'Earth and Planetary Sciences': ['Atmospheric Science']},Springer Netherlands,"00068314, 15731472","<a href=""https://www.scimagojr.com/journalsearch.php?q=12132&amp;tip=sid&amp;exact=no"" title=""SCImago Journal &amp; Country Rank""><img border=""0"" src=""https://www.scimagojr.com/journal_img.php?id=12132"" alt=""SCImago Journal &amp; Country Rank""  /></a>"
Weather and Forecasting,journal,1.478,Q1,123,1277,https://www.scimagojr.com/journalsearch.php?q=14764&tip=sid&clean=0,United States,{'Earth and Planetary Sciences': ['Atmospheric Science']},American Meteorological Society,"08828156, 15200434","<a href=""https://www.scimagojr.com/journalsearch.php?q=14764&amp;tip=sid&amp;exact=no"" title=""SCImago Journal &amp; Country Rank""><img border=""0"" src=""https://www.scimagojr.com/journal_img.php?id=14764"" alt=""SCImago Journal &amp; Country Rank""  /></a>"
Journal of Geophysical Research: Biogeosciences,journal,1.459,Q1,81,3122,https://www.scimagojr.com/journalsearch.php?q=21101038507&tip=sid&clean=0,United States,"{'Agricultural and Biological Sciences': ['Aquatic Science', 'Forestry', 'Soil Science'], 'Earth and Planetary Sciences': ['Atmospheric Science', 'Paleontology'], 'Environmental Science': ['Ecology', 'Water Science and Technology']}",John Wiley and Sons Inc.,"21698953, 21698961","<a href=""https://www.scimagojr.com/journalsearch.php?q=21101038507&amp;tip=sid&amp;exact=no"" title=""SCImago Journal &amp; Country Rank""><img border=""0"" src=""https://www.scimagojr.com/journal_img.php?id=21101038507"" alt=""SCImago Journal &amp; Country Rank""  /></a>"
IEEE Journal of Selected Topics in Applied Earth Observations and Remote Sensing,journal,1.434,Q1,126,12362,https://www.scimagojr.com/journalsearch.php?q=17700155033&tip=sid&clean=0,United States,"{'Earth and Planetary Sciences': ['Atmospheric Science', 'Computers in Earth Sciences']}",Institute of Electrical and Electronics Engineers Inc.,"19391404, 21511535","<a href=""https://www.scimagojr.com/journalsearch.php?q=17700155033&amp;tip=sid&amp;exact=no"" title=""SCImago Journal &amp; Country Rank""><img border=""0"" src=""https://www.scimagojr.com/journal_img.php?id=17700155033"" alt=""SCImago Journal &amp; Country Rank""  /></a>"
Journal of Hydrometeorology,journal,1.432,Q1,148,1783,https://www.scimagojr.com/journalsearch.php?q=29539&tip=sid&clean=0,United States,{'Earth and Planetary Sciences': ['Atmospheric Science']},American Meteorological Society,"15257541, 1525755X","<a href=""https://www.scimagojr.com/journalsearch.php?q=29539&amp;tip=sid&amp;exact=no"" title=""SCImago Journal &amp; Country Rank""><img border=""0"" src=""https://www.scimagojr.com/journal_img.php?id=29539"" alt=""SCImago Journal &amp; Country Rank""  /></a>"
Atmospheric Research,journal,1.427,Q1,137,7379,https://www.scimagojr.com/journalsearch.php?q=12092&tip=sid&clean=0,Netherlands,{'Earth and Planetary Sciences': ['Atmospheric Science']},Elsevier B.V.,01698095,"<a href=""https://www.scimagojr.com/journalsearch.php?q=12092&amp;tip=sid&amp;exact=no"" title=""SCImago Journal &amp; Country Rank""><img border=""0"" src=""https://www.scimagojr.com/journal_img.php?id=12092"" alt=""SCImago Journal &amp; Country Rank""  /></a>"
Climatic Change,journal,1.393,Q1,217,4494,https://www.scimagojr.com/journalsearch.php?q=12177&tip=sid&clean=0,Netherlands,"{'Earth and Planetary Sciences': ['Atmospheric Science'], 'Environmental Science': ['Global and Planetary Change']}",Springer Netherlands,"01650009, 15731480","<a href=""https://www.scimagojr.com/journalsearch.php?q=12177&amp;tip=sid&amp;exact=no"" title=""SCImago Journal &amp; Country Rank""><img border=""0"" src=""https://www.scimagojr.com/journal_img.php?id=12177"" alt=""SCImago Journal &amp; Country Rank""  /></a>"
Elementa,journal,1.337,Q1,55,1354,https://www.scimagojr.com/journalsearch.php?q=21100777486&tip=sid&clean=0,United States,"{'Earth and Planetary Sciences': ['Atmospheric Science', 'Geology', 'Geotechnical Engineering and Engineering Geology', 'Oceanography'], 'Environmental Science': ['Ecology', 'Environmental Engineering']}",University of California Press,23251026,"<a href=""https://www.scimagojr.com/journalsearch.php?q=21100777486&amp;tip=sid&amp;exact=no"" title=""SCImago Journal &amp; Country Rank""><img border=""0"" src=""https://www.scimagojr.com/journal_img.php?id=21100777486"" alt=""SCImago Journal &amp; Country Rank""  /></a>"
Scientific Online Letters on the Atmosphere,journal,1.331,Q1,39,254,https://www.scimagojr.com/journalsearch.php?q=5600152714&tip=sid&clean=0,Japan,{'Earth and Planetary Sciences': ['Atmospheric Science']},Meteorological Society of Japan,13496476,"<a href=""https://www.scimagojr.com/journalsearch.php?q=5600152714&amp;tip=sid&amp;exact=no"" title=""SCImago Journal &amp; Country Rank""><img border=""0"" src=""https://www.scimagojr.com/journal_img.php?id=5600152714"" alt=""SCImago Journal &amp; Country Rank""  /></a>"
Urban Climate,journal,1.318,Q1,75,5178,https://www.scimagojr.com/journalsearch.php?q=21100220478&tip=sid&clean=0,Netherlands,"{'Earth and Planetary Sciences': ['Atmospheric Science'], 'Environmental Science': ['Environmental Science (miscellaneous)'], 'Social Sciences': ['Geography, Planning and Development', 'Urban Studies']}",Elsevier B.V.,22120955,"<a href=""https://www.scimagojr.com/journalsearch.php?q=21100220478&amp;tip=sid&amp;exact=no"" title=""SCImago Journal &amp; Country Rank""><img border=""0"" src=""https://www.scimagojr.com/journal_img.php?id=21100220478"" alt=""SCImago Journal &amp; Country Rank""  /></a>"
Atmospheric Measurement Techniques,journal,1.297,Q1,114,4257,https://www.scimagojr.com/journalsearch.php?q=21100197156&tip=sid&clean=0,Germany,{'Earth and Planetary Sciences': ['Atmospheric Science']},Copernicus Gesellschaft mbH,"18671381, 18678548","<a href=""https://www.scimagojr.com/journalsearch.php?q=21100197156&amp;tip=sid&amp;exact=no"" title=""SCImago Journal &amp; Country Rank""><img border=""0"" src=""https://www.scimagojr.com/journal_img.php?id=21100197156"" alt=""SCImago Journal &amp; Country Rank""  /></a>"
Geography Compass,journal,1.292,Q1,85,647,https://www.scimagojr.com/journalsearch.php?q=13300154704&tip=sid&clean=0,United Kingdom,"{'Earth and Planetary Sciences': ['Atmospheric Science', 'Computers in Earth Sciences', 'Earth-Surface Processes'], 'Environmental Science': ['Water Science and Technology'], 'Social Sciences': ['Social Sciences (miscellaneous)']}",Wiley-Blackwell Publishing Ltd,17498198,"<a href=""https://www.scimagojr.com/journalsearch.php?q=13300154704&amp;tip=sid&amp;exact=no"" title=""SCImago Journal &amp; Country Rank""><img border=""0"" src=""https://www.scimagojr.com/journal_img.php?id=13300154704"" alt=""SCImago Journal &amp; Country Rank""  /></a>"
Climate Risk Management,journal,1.266,Q1,50,1363,https://www.scimagojr.com/journalsearch.php?q=21100312211&tip=sid&clean=0,Netherlands,"{'Earth and Planetary Sciences': ['Atmospheric Science'], 'Environmental Science': ['Global and Planetary Change', 'Management, Monitoring, Policy and Law'], 'Social Sciences': ['Geography, Planning and Development']}",Elsevier B.V.,22120963,"<a href=""https://www.scimagojr.com/journalsearch.php?q=21100312211&amp;tip=sid&amp;exact=no"" title=""SCImago Journal &amp; Country Rank""><img border=""0"" src=""https://www.scimagojr.com/journal_img.php?id=21100312211"" alt=""SCImago Journal &amp; Country Rank""  /></a>"
International Journal of Climatology,journal,1.221,Q2,192,6554,https://www.scimagojr.com/journalsearch.php?q=13507&tip=sid&clean=0,United Kingdom,{'Earth and Planetary Sciences': ['Atmospheric Science']},John Wiley and Sons Ltd,"08998418, 10970088","<a href=""https://www.scimagojr.com/journalsearch.php?q=13507&amp;tip=sid&amp;exact=no"" title=""SCImago Journal &amp; Country Rank""><img border=""0"" src=""https://www.scimagojr.com/journal_img.php?id=13507"" alt=""SCImago Journal &amp; Country Rank""  /></a>"
Atmospheric Environment,journal,1.169,Q2,279,8400,https://www.scimagojr.com/journalsearch.php?q=23357&tip=sid&clean=0,United Kingdom,"{'Earth and Planetary Sciences': ['Atmospheric Science'], 'Environmental Science': ['Environmental Science (miscellaneous)']}",Elsevier Ltd,"13522310, 18732844","<a href=""https://www.scimagojr.com/journalsearch.php?q=23357&amp;tip=sid&amp;exact=no"" title=""SCImago Journal &amp; Country Rank""><img border=""0"" src=""https://www.scimagojr.com/journal_img.php?id=23357"" alt=""SCImago Journal &amp; Country Rank""  /></a>"
Space Weather,journal,1.164,Q2,72,1667,https://www.scimagojr.com/journalsearch.php?q=4000151603&tip=sid&clean=0,United States,{'Earth and Planetary Sciences': ['Atmospheric Science']},Wiley-Blackwell,15427390,"<a href=""https://www.scimagojr.com/journalsearch.php?q=4000151603&amp;tip=sid&amp;exact=no"" title=""SCImago Journal &amp; Country Rank""><img border=""0"" src=""https://www.scimagojr.com/journal_img.php?id=4000151603"" alt=""SCImago Journal &amp; Country Rank""  /></a>"
"Advances in Statistical Climatology, Meteorology and Oceanography",journal,1.129,Q2,7,82,https://www.scimagojr.com/journalsearch.php?q=21100927405&tip=sid&clean=0,Germany,"{'Earth and Planetary Sciences': ['Atmospheric Science', 'Oceanography'], 'Mathematics': ['Applied Mathematics', 'Statistics and Probability']}",Copernicus GmbH,"23643579, 23643587","<a href=""https://www.scimagojr.com/journalsearch.php?q=21100927405&amp;tip=sid&amp;exact=no"" title=""SCImago Journal &amp; Country Rank""><img border=""0"" src=""https://www.scimagojr.com/journal_img.php?id=21100927405"" alt=""SCImago Journal &amp; Country Rank""  /></a>"
Atmospheric Science Letters,journal,1.090,Q2,55,371,https://www.scimagojr.com/journalsearch.php?q=12093&tip=sid&clean=0,United States,{'Earth and Planetary Sciences': ['Atmospheric Science']},John Wiley & Sons Inc.,1530261X,"<a href=""https://www.scimagojr.com/journalsearch.php?q=12093&amp;tip=sid&amp;exact=no"" title=""SCImago Journal &amp; Country Rank""><img border=""0"" src=""https://www.scimagojr.com/journal_img.php?id=12093"" alt=""SCImago Journal &amp; Country Rank""  /></a>"
Atmospheric Environment: X,journal,1.084,Q2,23,626,https://www.scimagojr.com/journalsearch.php?q=21100894508&tip=sid&clean=0,United Kingdom,"{'Earth and Planetary Sciences': ['Atmospheric Science'], 'Environmental Science': ['Environmental Science (miscellaneous)']}",Elsevier Ltd,25901621,"<a href=""https://www.scimagojr.com/journalsearch.php?q=21100894508&amp;tip=sid&amp;exact=no"" title=""SCImago Journal &amp; Country Rank""><img border=""0"" src=""https://www.scimagojr.com/journal_img.php?id=21100894508"" alt=""SCImago Journal &amp; Country Rank""  /></a>"
Journal of Applied Meteorology and Climatology,journal,1.068,Q2,156,949,https://www.scimagojr.com/journalsearch.php?q=4400151717&tip=sid&clean=0,United States,{'Earth and Planetary Sciences': ['Atmospheric Science']},American Meteorological Society,15588424,"<a href=""https://www.scimagojr.com/journalsearch.php?q=4400151717&amp;tip=sid&amp;exact=no"" title=""SCImago Journal &amp; Country Rank""><img border=""0"" src=""https://www.scimagojr.com/journal_img.php?id=4400151717"" alt=""SCImago Journal &amp; Country Rank""  /></a>"
Journal of Space Weather and Space Climate,journal,1.056,Q2,43,614,https://www.scimagojr.com/journalsearch.php?q=21100286958&tip=sid&clean=0,France,"{'Earth and Planetary Sciences': ['Atmospheric Science', 'Space and Planetary Science']}",EDP Sciences,21157251,"<a href=""https://www.scimagojr.com/journalsearch.php?q=21100286958&amp;tip=sid&amp;exact=no"" title=""SCImago Journal &amp; Country Rank""><img border=""0"" src=""https://www.scimagojr.com/journal_img.php?id=21100286958"" alt=""SCImago Journal &amp; Country Rank""  /></a>"
Journal of Meteorological Research,journal,1.055,Q2,45,790,https://www.scimagojr.com/journalsearch.php?q=12063&tip=sid&clean=0,China,"{'Earth and Planetary Sciences': ['Atmospheric Science'], 'Engineering': ['Ocean Engineering']}",Chinese Meteorological Society,"20956037, 21980934","<a href=""https://www.scimagojr.com/journalsearch.php?q=12063&amp;tip=sid&amp;exact=no"" title=""SCImago Journal &amp; Country Rank""><img border=""0"" src=""https://www.scimagojr.com/journal_img.php?id=12063"" alt=""SCImago Journal &amp; Country Rank""  /></a>"
Ocean Modelling,journal,1.038,Q2,100,765,https://www.scimagojr.com/journalsearch.php?q=28352&tip=sid&clean=0,Netherlands,"{'Computer Science': ['Computer Science (miscellaneous)'], 'Earth and Planetary Sciences': ['Atmospheric Science', 'Geotechnical Engineering and Engineering Geology', 'Oceanography']}",Elsevier B.V.,"14635003, 14635011","<a href=""https://www.scimagojr.com/journalsearch.php?q=28352&amp;tip=sid&amp;exact=no"" title=""SCImago Journal &amp; Country Rank""><img border=""0"" src=""https://www.scimagojr.com/journal_img.php?id=28352"" alt=""SCImago Journal &amp; Country Rank""  /></a>"
Climate Services,journal,1.009,Q2,37,597,https://www.scimagojr.com/journalsearch.php?q=21100463842&tip=sid&clean=0,Netherlands,"{'Earth and Planetary Sciences': ['Atmospheric Science'], 'Environmental Science': ['Global and Planetary Change']}",Elsevier B.V.,24058807,"<a href=""https://www.scimagojr.com/journalsearch.php?q=21100463842&amp;tip=sid&amp;exact=no"" title=""SCImago Journal &amp; Country Rank""><img border=""0"" src=""https://www.scimagojr.com/journal_img.php?id=21100463842"" alt=""SCImago Journal &amp; Country Rank""  /></a>"
Frontiers in Climate,journal,1.003,Q2,25,1522,https://www.scimagojr.com/journalsearch.php?q=21101072516&tip=sid&clean=0,Switzerland,"{'Earth and Planetary Sciences': ['Atmospheric Science'], 'Environmental Science': ['Environmental Science (miscellaneous)', 'Global and Planetary Change', 'Management, Monitoring, Policy and Law', 'Pollution']}",Frontiers Media SA,26249553,"<a href=""https://www.scimagojr.com/journalsearch.php?q=21101072516&amp;tip=sid&amp;exact=no"" title=""SCImago Journal &amp; Country Rank""><img border=""0"" src=""https://www.scimagojr.com/journal_img.php?id=21101072516"" alt=""SCImago Journal &amp; Country Rank""  /></a>"
Atmospheric Pollution Research,journal,0.950,Q2,71,3859,https://www.scimagojr.com/journalsearch.php?q=21100254615&tip=sid&clean=0,Netherlands,"{'Earth and Planetary Sciences': ['Atmospheric Science'], 'Environmental Science': ['Pollution', 'Waste Management and Disposal']}",Elsevier B.V.,13091042,"<a href=""https://www.scimagojr.com/journalsearch.php?q=21100254615&amp;tip=sid&amp;exact=no"" title=""SCImago Journal &amp; Country Rank""><img border=""0"" src=""https://www.scimagojr.com/journal_img.php?id=21100254615"" alt=""SCImago Journal &amp; Country Rank""  /></a>"
Journal of Aerosol Science,journal,0.870,Q2,124,1489,https://www.scimagojr.com/journalsearch.php?q=15759&tip=sid&clean=0,United Kingdom,"{'Chemical Engineering': ['Fluid Flow and Transfer Processes'], 'Earth and Planetary Sciences': ['Atmospheric Science'], 'Engineering': ['Mechanical Engineering'], 'Environmental Science': ['Environmental Chemistry', 'Environmental Engineering', 'Pollution'], 'Materials Science': ['Materials Science (miscellaneous)']}",Elsevier Ltd,"00218502, 18791964","<a href=""https://www.scimagojr.com/journalsearch.php?q=15759&amp;tip=sid&amp;exact=no"" title=""SCImago Journal &amp; Country Rank""><img border=""0"" src=""https://www.scimagojr.com/journal_img.php?id=15759"" alt=""SCImago Journal &amp; Country Rank""  /></a>"
Journal of Atmospheric and Oceanic Technology,journal,0.849,Q2,144,881,https://www.scimagojr.com/journalsearch.php?q=13549&tip=sid&clean=0,United States,"{'Earth and Planetary Sciences': ['Atmospheric Science'], 'Engineering': ['Ocean Engineering']}",American Meteorological Society,"07390572, 15200426","<a href=""https://www.scimagojr.com/journalsearch.php?q=13549&amp;tip=sid&amp;exact=no"" title=""SCImago Journal &amp; Country Rank""><img border=""0"" src=""https://www.scimagojr.com/journal_img.php?id=13549"" alt=""SCImago Journal &amp; Country Rank""  /></a>"
European Journal of Remote Sensing,journal,0.833,Q2,48,774,https://www.scimagojr.com/journalsearch.php?q=21100205502&tip=sid&clean=0,United Kingdom,"{'Earth and Planetary Sciences': ['Atmospheric Science', 'Computers in Earth Sciences'], 'Environmental Science': ['Environmental Science (miscellaneous)'], 'Mathematics': ['Applied Mathematics']}",Taylor and Francis Ltd.,22797254,"<a href=""https://www.scimagojr.com/journalsearch.php?q=21100205502&amp;tip=sid&amp;exact=no"" title=""SCImago Journal &amp; Country Rank""><img border=""0"" src=""https://www.scimagojr.com/journal_img.php?id=21100205502"" alt=""SCImago Journal &amp; Country Rank""  /></a>"
Tropical Cyclone Research and Review,journal,0.805,Q2,9,156,https://www.scimagojr.com/journalsearch.php?q=21101141512&tip=sid&clean=0,China,"{'Earth and Planetary Sciences': ['Atmospheric Science', 'Computers in Earth Sciences'], 'Environmental Science': ['Global and Planetary Change'], 'Mathematics': ['Modeling and Simulation'], 'Social Sciences': ['Safety Research']}",KeAi Communications Co.,"22256032, 25893025","<a href=""https://www.scimagojr.com/journalsearch.php?q=21101141512&amp;tip=sid&amp;exact=no"" title=""SCImago Journal &amp; Country Rank""><img border=""0"" src=""https://www.scimagojr.com/journal_img.php?id=21101141512"" alt=""SCImago Journal &amp; Country Rank""  /></a>"
Theoretical and Applied Climatology,journal,0.803,Q2,118,4394,https://www.scimagojr.com/journalsearch.php?q=14171&tip=sid&clean=0,Austria,{'Earth and Planetary Sciences': ['Atmospheric Science']},Springer-Verlag Wien,"0177798X, 14344483","<a href=""https://www.scimagojr.com/journalsearch.php?q=14171&amp;tip=sid&amp;exact=no"" title=""SCImago Journal &amp; Country Rank""><img border=""0"" src=""https://www.scimagojr.com/journal_img.php?id=14171"" alt=""SCImago Journal &amp; Country Rank""  /></a>"
Natural Hazards,journal,0.797,Q2,139,6873,https://www.scimagojr.com/journalsearch.php?q=23282&tip=sid&clean=0,Netherlands,"{'Earth and Planetary Sciences': ['Atmospheric Science', 'Earth and Planetary Sciences (miscellaneous)'], 'Environmental Science': ['Water Science and Technology']}",Springer Netherlands,"0921030X, 15730840","<a href=""https://www.scimagojr.com/journalsearch.php?q=23282&amp;tip=sid&amp;exact=no"" title=""SCImago Journal &amp; Country Rank""><img border=""0"" src=""https://www.scimagojr.com/journal_img.php?id=23282"" alt=""SCImago Journal &amp; Country Rank""  /></a>"
Meteorological Applications,journal,0.790,Q2,72,782,https://www.scimagojr.com/journalsearch.php?q=13445&tip=sid&clean=0,United States,{'Earth and Planetary Sciences': ['Atmospheric Science']},Wiley-Blackwell,"13504827, 14698080","<a href=""https://www.scimagojr.com/journalsearch.php?q=13445&amp;tip=sid&amp;exact=no"" title=""SCImago Journal &amp; Country Rank""><img border=""0"" src=""https://www.scimagojr.com/journal_img.php?id=13445"" alt=""SCImago Journal &amp; Country Rank""  /></a>"
Environmental Research Communications,journal,0.780,Q2,24,1072,https://www.scimagojr.com/journalsearch.php?q=21101046767&tip=sid&clean=0,United Kingdom,"{'Agricultural and Biological Sciences': ['Agricultural and Biological Sciences (miscellaneous)', 'Food Science'], 'Earth and Planetary Sciences': ['Atmospheric Science', 'Earth-Surface Processes', 'Geology'], 'Environmental Science': ['Environmental Science (miscellaneous)']}",IOP Publishing Ltd.,25157620,"<a href=""https://www.scimagojr.com/journalsearch.php?q=21101046767&amp;tip=sid&amp;exact=no"" title=""SCImago Journal &amp; Country Rank""><img border=""0"" src=""https://www.scimagojr.com/journal_img.php?id=21101046767"" alt=""SCImago Journal &amp; Country Rank""  /></a>"
ACS Earth and Space Chemistry,journal,0.773,Q2,41,2347,https://www.scimagojr.com/journalsearch.php?q=21100854624&tip=sid&clean=0,United States,"{'Earth and Planetary Sciences': ['Atmospheric Science', 'Geochemistry and Petrology', 'Space and Planetary Science']}",American Chemical Society,24723452,"<a href=""https://www.scimagojr.com/journalsearch.php?q=21100854624&amp;tip=sid&amp;exact=no"" title=""SCImago Journal &amp; Country Rank""><img border=""0"" src=""https://www.scimagojr.com/journal_img.php?id=21100854624"" alt=""SCImago Journal &amp; Country Rank""  /></a>"
Atmospheric and Oceanic Science Letters,journal,0.763,Q2,31,511,https://www.scimagojr.com/journalsearch.php?q=21100913138&tip=sid&clean=0,United Kingdom,"{'Earth and Planetary Sciences': ['Atmospheric Science', 'Oceanography']}",KeAi Communications Co.,"16742834, 23766123","<a href=""https://www.scimagojr.com/journalsearch.php?q=21100913138&amp;tip=sid&amp;exact=no"" title=""SCImago Journal &amp; Country Rank""><img border=""0"" src=""https://www.scimagojr.com/journal_img.php?id=21100913138"" alt=""SCImago Journal &amp; Country Rank""  /></a>"
Climate,journal,0.763,Q2,47,1852,https://www.scimagojr.com/journalsearch.php?q=21100826864&tip=sid&clean=0,Switzerland,{'Earth and Planetary Sciences': ['Atmospheric Science']},Multidisciplinary Digital Publishing Institute (MDPI),22251154,"<a href=""https://www.scimagojr.com/journalsearch.php?q=21100826864&amp;tip=sid&amp;exact=no"" title=""SCImago Journal &amp; Country Rank""><img border=""0"" src=""https://www.scimagojr.com/journal_img.php?id=21100826864"" alt=""SCImago Journal &amp; Country Rank""  /></a>"
"Air Quality, Atmosphere and Health",journal,0.710,Q2,67,2032,https://www.scimagojr.com/journalsearch.php?q=14500154732&tip=sid&clean=0,Netherlands,"{'Earth and Planetary Sciences': ['Atmospheric Science'], 'Environmental Science': ['Health, Toxicology and Mutagenesis', 'Management, Monitoring, Policy and Law', 'Pollution']}",Springer Netherlands,"18739318, 18739326","<a href=""https://www.scimagojr.com/journalsearch.php?q=14500154732&amp;tip=sid&amp;exact=no"" title=""SCImago Journal &amp; Country Rank""><img border=""0"" src=""https://www.scimagojr.com/journal_img.php?id=14500154732"" alt=""SCImago Journal &amp; Country Rank""  /></a>"
International Journal of Biometeorology,journal,0.710,Q2,111,1994,https://www.scimagojr.com/journalsearch.php?q=13506&tip=sid&clean=0,Germany,"{'Earth and Planetary Sciences': ['Atmospheric Science'], 'Environmental Science': ['Ecology', 'Health, Toxicology and Mutagenesis']}",Springer New York,"00207128, 14321254","<a href=""https://www.scimagojr.com/journalsearch.php?q=13506&amp;tip=sid&amp;exact=no"" title=""SCImago Journal &amp; Country Rank""><img border=""0"" src=""https://www.scimagojr.com/journal_img.php?id=13506"" alt=""SCImago Journal &amp; Country Rank""  /></a>"
Asia-Pacific Journal of Atmospheric Sciences,journal,0.684,Q2,37,394,https://www.scimagojr.com/journalsearch.php?q=11200153502&tip=sid&clean=0,South Korea,{'Earth and Planetary Sciences': ['Atmospheric Science']},Korean Meteorological Society,"19767633, 19767951","<a href=""https://www.scimagojr.com/journalsearch.php?q=11200153502&amp;tip=sid&amp;exact=no"" title=""SCImago Journal &amp; Country Rank""><img border=""0"" src=""https://www.scimagojr.com/journal_img.php?id=11200153502"" alt=""SCImago Journal &amp; Country Rank""  /></a>"
"Tellus, Series A: Dynamic Meteorology and Oceanography",journal,0.682,Q2,87,194,https://www.scimagojr.com/journalsearch.php?q=70792&tip=sid&clean=0,United Kingdom,"{'Earth and Planetary Sciences': ['Atmospheric Science', 'Oceanography']}",Stockholm University Press,"02806495, 16000870","<a href=""https://www.scimagojr.com/journalsearch.php?q=70792&amp;tip=sid&amp;exact=no"" title=""SCImago Journal &amp; Country Rank""><img border=""0"" src=""https://www.scimagojr.com/journal_img.php?id=70792"" alt=""SCImago Journal &amp; Country Rank""  /></a>"
Bulletin of Atmospheric Science and Technology,journal,0.676,Q2,8,97,https://www.scimagojr.com/journalsearch.php?q=21101153206&tip=sid&clean=0,Switzerland,"{'Earth and Planetary Sciences': ['Atmospheric Science', 'Earth and Planetary Sciences (miscellaneous)'], 'Engineering': ['Engineering (miscellaneous)']}",Springer Nature,"26621495, 26621509","<a href=""https://www.scimagojr.com/journalsearch.php?q=21101153206&amp;tip=sid&amp;exact=no"" title=""SCImago Journal &amp; Country Rank""><img border=""0"" src=""https://www.scimagojr.com/journal_img.php?id=21101153206"" alt=""SCImago Journal &amp; Country Rank""  /></a>"
Earth and Planetary Physics,journal,0.674,Q2,22,374,https://www.scimagojr.com/journalsearch.php?q=21101047722&tip=sid&clean=0,United States,"{'Earth and Planetary Sciences': ['Atmospheric Science', 'Space and Planetary Science'], 'Physics and Astronomy': ['Astronomy and Astrophysics']}",Science China Press,20963955,"<a href=""https://www.scimagojr.com/journalsearch.php?q=21101047722&amp;tip=sid&amp;exact=no"" title=""SCImago Journal &amp; Country Rank""><img border=""0"" src=""https://www.scimagojr.com/journal_img.php?id=21101047722"" alt=""SCImago Journal &amp; Country Rank""  /></a>"
Oceanologia,journal,0.674,Q2,51,434,https://www.scimagojr.com/journalsearch.php?q=28374&tip=sid&clean=0,Netherlands,"{'Agricultural and Biological Sciences': ['Aquatic Science'], 'Earth and Planetary Sciences': ['Atmospheric Science', 'Oceanography'], 'Engineering': ['Ocean Engineering']}",Elsevier B.V.,"00783234, 23007370","<a href=""https://www.scimagojr.com/journalsearch.php?q=28374&amp;tip=sid&amp;exact=no"" title=""SCImago Journal &amp; Country Rank""><img border=""0"" src=""https://www.scimagojr.com/journal_img.php?id=28374"" alt=""SCImago Journal &amp; Country Rank""  /></a>"
Advances in Space Research,journal,0.663,Q2,114,5234,https://www.scimagojr.com/journalsearch.php?q=12375&tip=sid&clean=0,United Kingdom,"{'Earth and Planetary Sciences': ['Atmospheric Science', 'Earth and Planetary Sciences (miscellaneous)', 'Geophysics', 'Space and Planetary Science'], 'Engineering': ['Aerospace Engineering'], 'Physics and Astronomy': ['Astronomy and Astrophysics']}",Elsevier Ltd,"02731177, 18791948","<a href=""https://www.scimagojr.com/journalsearch.php?q=12375&amp;tip=sid&amp;exact=no"" title=""SCImago Journal &amp; Country Rank""><img border=""0"" src=""https://www.scimagojr.com/journal_img.php?id=12375"" alt=""SCImago Journal &amp; Country Rank""  /></a>"
Weather,trade journal,0.651,Q2,46,314,https://www.scimagojr.com/journalsearch.php?q=14762&tip=sid&clean=0,United States,{'Earth and Planetary Sciences': ['Atmospheric Science']},Wiley-Blackwell,"00431656, 14778696","<a href=""https://www.scimagojr.com/journalsearch.php?q=14762&amp;tip=sid&amp;exact=no"" title=""SCImago Journal &amp; Country Rank""><img border=""0"" src=""https://www.scimagojr.com/journal_img.php?id=14762"" alt=""SCImago Journal &amp; Country Rank""  /></a>"
Annales Geophysicae,journal,0.649,Q2,105,384,https://www.scimagojr.com/journalsearch.php?q=27424&tip=sid&clean=0,Germany,"{'Earth and Planetary Sciences': ['Atmospheric Science', 'Earth and Planetary Sciences (miscellaneous)', 'Geology', 'Space and Planetary Science'], 'Physics and Astronomy': ['Astronomy and Astrophysics']}",Copernicus Publications,"09927689, 14320576","<a href=""https://www.scimagojr.com/journalsearch.php?q=27424&amp;tip=sid&amp;exact=no"" title=""SCImago Journal &amp; Country Rank""><img border=""0"" src=""https://www.scimagojr.com/journal_img.php?id=27424"" alt=""SCImago Journal &amp; Country Rank""  /></a>"
Journal of Water and Climate Change,journal,0.646,Q2,36,1985,https://www.scimagojr.com/journalsearch.php?q=21100205753&tip=sid&clean=0,United Kingdom,"{'Earth and Planetary Sciences': ['Atmospheric Science'], 'Environmental Science': ['Global and Planetary Change', 'Management, Monitoring, Policy and Law', 'Water Science and Technology']}",IWA Publishing,20402244,"<a href=""https://www.scimagojr.com/journalsearch.php?q=21100205753&amp;tip=sid&amp;exact=no"" title=""SCImago Journal &amp; Country Rank""><img border=""0"" src=""https://www.scimagojr.com/journal_img.php?id=21100205753"" alt=""SCImago Journal &amp; Country Rank""  /></a>"
Journal of Atmospheric Chemistry,journal,0.631,Q3,75,119,https://www.scimagojr.com/journalsearch.php?q=24155&tip=sid&clean=0,Netherlands,"{'Earth and Planetary Sciences': ['Atmospheric Science'], 'Environmental Science': ['Environmental Chemistry']}",,"01677764, 15730662","<a href=""https://www.scimagojr.com/journalsearch.php?q=24155&amp;tip=sid&amp;exact=no"" title=""SCImago Journal &amp; Country Rank""><img border=""0"" src=""https://www.scimagojr.com/journal_img.php?id=24155"" alt=""SCImago Journal &amp; Country Rank""  /></a>"
Atmosphere,journal,0.627,Q3,65,14496,https://www.scimagojr.com/journalsearch.php?q=15838&tip=sid&clean=0,Switzerland,"{'Earth and Planetary Sciences': ['Atmospheric Science'], 'Environmental Science': ['Environmental Science (miscellaneous)']}",Multidisciplinary Digital Publishing Institute (MDPI),20734433,"<a href=""https://www.scimagojr.com/journalsearch.php?q=15838&amp;tip=sid&amp;exact=no"" title=""SCImago Journal &amp; Country Rank""><img border=""0"" src=""https://www.scimagojr.com/journal_img.php?id=15838"" alt=""SCImago Journal &amp; Country Rank""  /></a>"
"Tellus, Series B: Chemical and Physical Meteorology",journal,0.612,Q3,112,94,https://www.scimagojr.com/journalsearch.php?q=32805&tip=sid&clean=0,United Kingdom,{'Earth and Planetary Sciences': ['Atmospheric Science']},Stockholm University Press,02806509,"<a href=""https://www.scimagojr.com/journalsearch.php?q=32805&amp;tip=sid&amp;exact=no"" title=""SCImago Journal &amp; Country Rank""><img border=""0"" src=""https://www.scimagojr.com/journal_img.php?id=32805"" alt=""SCImago Journal &amp; Country Rank""  /></a>"
Climate Change Research,journal,0.605,Q3,13,419,https://www.scimagojr.com/journalsearch.php?q=21101049546&tip=sid&clean=0,China,"{'Earth and Planetary Sciences': ['Atmospheric Science', 'Earth and Planetary Sciences (miscellaneous)', 'Geophysics', 'Oceanography'], 'Environmental Science': ['Global and Planetary Change']}",National Climate Center,16731719,"<a href=""https://www.scimagojr.com/journalsearch.php?q=21101049546&amp;tip=sid&amp;exact=no"" title=""SCImago Journal &amp; Country Rank""><img border=""0"" src=""https://www.scimagojr.com/journal_img.php?id=21101049546"" alt=""SCImago Journal &amp; Country Rank""  /></a>"
Advances in Meteorology,journal,0.602,Q3,49,591,https://www.scimagojr.com/journalsearch.php?q=21100223556&tip=sid&clean=0,Egypt,"{'Earth and Planetary Sciences': ['Atmospheric Science', 'Geophysics'], 'Environmental Science': ['Pollution']}",Hindawi Limited,"16879309, 16879317","<a href=""https://www.scimagojr.com/journalsearch.php?q=21100223556&amp;tip=sid&amp;exact=no"" title=""SCImago Journal &amp; Country Rank""><img border=""0"" src=""https://www.scimagojr.com/journal_img.php?id=21100223556"" alt=""SCImago Journal &amp; Country Rank""  /></a>"
Meteorology and Atmospheric Physics,journal,0.584,Q3,73,563,https://www.scimagojr.com/journalsearch.php?q=13471&tip=sid&clean=0,Austria,{'Earth and Planetary Sciences': ['Atmospheric Science']},Springer-Verlag Wien,"01777971, 14365065","<a href=""https://www.scimagojr.com/journalsearch.php?q=13471&amp;tip=sid&amp;exact=no"" title=""SCImago Journal &amp; Country Rank""><img border=""0"" src=""https://www.scimagojr.com/journal_img.php?id=13471"" alt=""SCImago Journal &amp; Country Rank""  /></a>"
Advances in Science and Research,journal,0.582,Q3,10,114,https://www.scimagojr.com/journalsearch.php?q=21101045045&tip=sid&clean=0,Germany,"{'Earth and Planetary Sciences': ['Atmospheric Science', 'Geophysics'], 'Environmental Science': ['Ecological Modeling', 'Pollution']}",Copernicus GmbH,"19920628, 19920636","<a href=""https://www.scimagojr.com/journalsearch.php?q=21101045045&amp;tip=sid&amp;exact=no"" title=""SCImago Journal &amp; Country Rank""><img border=""0"" src=""https://www.scimagojr.com/journal_img.php?id=21101045045"" alt=""SCImago Journal &amp; Country Rank""  /></a>"
Dynamics of Atmospheres and Oceans,journal,0.581,Q3,55,237,https://www.scimagojr.com/journalsearch.php?q=12818&tip=sid&clean=0,Netherlands,"{'Earth and Planetary Sciences': ['Atmospheric Science', 'Computers in Earth Sciences', 'Geology', 'Oceanography']}",Elsevier B.V.,03770265,"<a href=""https://www.scimagojr.com/journalsearch.php?q=12818&amp;tip=sid&amp;exact=no"" title=""SCImago Journal &amp; Country Rank""><img border=""0"" src=""https://www.scimagojr.com/journal_img.php?id=12818"" alt=""SCImago Journal &amp; Country Rank""  /></a>"
Journal of Hydroinformatics,journal,0.573,Q3,60,763,https://www.scimagojr.com/journalsearch.php?q=5100155056&tip=sid&clean=0,United Kingdom,"{'Earth and Planetary Sciences': ['Atmospheric Science', 'Geotechnical Engineering and Engineering Geology'], 'Engineering': ['Civil and Structural Engineering'], 'Environmental Science': ['Water Science and Technology']}",IWA Publishing,"14647141, 14651734","<a href=""https://www.scimagojr.com/journalsearch.php?q=5100155056&amp;tip=sid&amp;exact=no"" title=""SCImago Journal &amp; Country Rank""><img border=""0"" src=""https://www.scimagojr.com/journal_img.php?id=5100155056"" alt=""SCImago Journal &amp; Country Rank""  /></a>"
Journal of the Air and Waste Management Association,journal,0.572,Q3,102,872,https://www.scimagojr.com/journalsearch.php?q=25269&tip=sid&clean=0,United Kingdom,"{'Earth and Planetary Sciences': ['Atmospheric Science'], 'Environmental Science': ['Management, Monitoring, Policy and Law', 'Pollution', 'Waste Management and Disposal']}",Taylor and Francis Ltd.,"10962247, 21622906","<a href=""https://www.scimagojr.com/journalsearch.php?q=25269&amp;tip=sid&amp;exact=no"" title=""SCImago Journal &amp; Country Rank""><img border=""0"" src=""https://www.scimagojr.com/journal_img.php?id=25269"" alt=""SCImago Journal &amp; Country Rank""  /></a>"
Journal of Operational Meteorology,journal,0.567,Q3,7,36,https://www.scimagojr.com/journalsearch.php?q=21101024237&tip=sid&clean=0,United States,"{'Decision Sciences': ['Management Science and Operations Research'], 'Earth and Planetary Sciences': ['Atmospheric Science', 'Computers in Earth Sciences']}",National Weather Association,23256184,"<a href=""https://www.scimagojr.com/journalsearch.php?q=21101024237&amp;tip=sid&amp;exact=no"" title=""SCImago Journal &amp; Country Rank""><img border=""0"" src=""https://www.scimagojr.com/journal_img.php?id=21101024237"" alt=""SCImago Journal &amp; Country Rank""  /></a>"
Meteorologische Zeitschrift,journal,0.550,Q3,67,152,https://www.scimagojr.com/journalsearch.php?q=13469&tip=sid&clean=0,Germany,{'Earth and Planetary Sciences': ['Atmospheric Science']},Schweizerbart Science Publishers,"09412948, 16101227","<a href=""https://www.scimagojr.com/journalsearch.php?q=13469&amp;tip=sid&amp;exact=no"" title=""SCImago Journal &amp; Country Rank""><img border=""0"" src=""https://www.scimagojr.com/journal_img.php?id=13469"" alt=""SCImago Journal &amp; Country Rank""  /></a>"
"Weather, Climate, and Society",journal,0.529,Q3,49,442,https://www.scimagojr.com/journalsearch.php?q=21100215718&tip=sid&clean=0,United States,"{'Earth and Planetary Sciences': ['Atmospheric Science'], 'Environmental Science': ['Global and Planetary Change'], 'Social Sciences': ['Social Sciences (miscellaneous)']}",American Meteorological Society,"19488327, 19488335","<a href=""https://www.scimagojr.com/journalsearch.php?q=21100215718&amp;tip=sid&amp;exact=no"" title=""SCImago Journal &amp; Country Rank""><img border=""0"" src=""https://www.scimagojr.com/journal_img.php?id=21100215718"" alt=""SCImago Journal &amp; Country Rank""  /></a>"
Journal of Animal Behaviour and Biometeorology,journal,0.503,Q3,16,269,https://www.scimagojr.com/journalsearch.php?q=21100791269&tip=sid&clean=0,Brazil,"{'Agricultural and Biological Sciences': ['Animal Science and Zoology'], 'Earth and Planetary Sciences': ['Atmospheric Science'], 'Environmental Science': ['Ecology']}",Malque Publishing,23181265,"<a href=""https://www.scimagojr.com/journalsearch.php?q=21100791269&amp;tip=sid&amp;exact=no"" title=""SCImago Journal &amp; Country Rank""><img border=""0"" src=""https://www.scimagojr.com/journal_img.php?id=21100791269"" alt=""SCImago Journal &amp; Country Rank""  /></a>"
Geo: Geography and Environment,journal,0.499,Q3,20,60,https://www.scimagojr.com/journalsearch.php?q=21100832225&tip=sid&clean=0,United Kingdom,"{'Earth and Planetary Sciences': ['Atmospheric Science'], 'Environmental Science': ['Global and Planetary Change', 'Management, Monitoring, Policy and Law'], 'Social Sciences': ['Geography, Planning and Development']}",Wiley-Blackwell Publishing Ltd,20544049,"<a href=""https://www.scimagojr.com/journalsearch.php?q=21100832225&amp;tip=sid&amp;exact=no"" title=""SCImago Journal &amp; Country Rank""><img border=""0"" src=""https://www.scimagojr.com/journal_img.php?id=21100832225"" alt=""SCImago Journal &amp; Country Rank""  /></a>"
Atmosphere - Ocean,journal,0.492,Q3,58,113,https://www.scimagojr.com/journalsearch.php?q=12090&tip=sid&clean=0,United Kingdom,"{'Earth and Planetary Sciences': ['Atmospheric Science', 'Oceanography']}",Taylor and Francis Ltd.,"07055900, 14809214","<a href=""https://www.scimagojr.com/journalsearch.php?q=12090&amp;tip=sid&amp;exact=no"" title=""SCImago Journal &amp; Country Rank""><img border=""0"" src=""https://www.scimagojr.com/journal_img.php?id=12090"" alt=""SCImago Journal &amp; Country Rank""  /></a>"
"Geoscientific Instrumentation, Methods and Data Systems",journal,0.468,Q3,26,179,https://www.scimagojr.com/journalsearch.php?q=21100405022&tip=sid&clean=0,Germany,"{'Earth and Planetary Sciences': ['Atmospheric Science', 'Geology', 'Oceanography']}",Copernicus Gesellschaft mbH,"21930856, 21930864","<a href=""https://www.scimagojr.com/journalsearch.php?q=21100405022&amp;tip=sid&amp;exact=no"" title=""SCImago Journal &amp; Country Rank""><img border=""0"" src=""https://www.scimagojr.com/journal_img.php?id=21100405022"" alt=""SCImago Journal &amp; Country Rank""  /></a>"
Journal of Atmospheric and Solar-Terrestrial Physics,journal,0.465,Q3,103,812,https://www.scimagojr.com/journalsearch.php?q=28436&tip=sid&clean=0,United Kingdom,"{'Earth and Planetary Sciences': ['Atmospheric Science', 'Geophysics', 'Space and Planetary Science']}",Elsevier Ltd,13646826,"<a href=""https://www.scimagojr.com/journalsearch.php?q=28436&amp;tip=sid&amp;exact=no"" title=""SCImago Journal &amp; Country Rank""><img border=""0"" src=""https://www.scimagojr.com/journal_img.php?id=28436"" alt=""SCImago Journal &amp; Country Rank""  /></a>"
Journal of Spatial Science,journal,0.460,Q3,34,205,https://www.scimagojr.com/journalsearch.php?q=62444&tip=sid&clean=0,United Kingdom,"{'Earth and Planetary Sciences': ['Atmospheric Science'], 'Energy': ['Energy (miscellaneous)'], 'Social Sciences': ['Geography, Planning and Development']}",Taylor and Francis Ltd.,"14498596, 18365655","<a href=""https://www.scimagojr.com/journalsearch.php?q=62444&amp;tip=sid&amp;exact=no"" title=""SCImago Journal &amp; Country Rank""><img border=""0"" src=""https://www.scimagojr.com/journal_img.php?id=62444"" alt=""SCImago Journal &amp; Country Rank""  /></a>"
Transactions of Atmospheric Sciences,journal,0.460,Q3,14,443,https://www.scimagojr.com/journalsearch.php?q=21101162689&tip=sid&clean=0,China,{'Earth and Planetary Sciences': ['Atmospheric Science']},,16747097,"<a href=""https://www.scimagojr.com/journalsearch.php?q=21101162689&amp;tip=sid&amp;exact=no"" title=""SCImago Journal &amp; Country Rank""><img border=""0"" src=""https://www.scimagojr.com/journal_img.php?id=21101162689"" alt=""SCImago Journal &amp; Country Rank""  /></a>"
Chinese Journal of Atmospheric Sciences,journal,0.449,Q3,21,408,https://www.scimagojr.com/journalsearch.php?q=21100783336&tip=sid&clean=0,China,{'Earth and Planetary Sciences': ['Atmospheric Science']},Science China Press,10069895,"<a href=""https://www.scimagojr.com/journalsearch.php?q=21100783336&amp;tip=sid&amp;exact=no"" title=""SCImago Journal &amp; Country Rank""><img border=""0"" src=""https://www.scimagojr.com/journal_img.php?id=21100783336"" alt=""SCImago Journal &amp; Country Rank""  /></a>"
J. AGRICULTURAL METEOROLOGY,journal,0.420,Q3,25,93,https://www.scimagojr.com/journalsearch.php?q=30706&tip=sid&clean=0,Japan,"{'Agricultural and Biological Sciences': ['Agronomy and Crop Science'], 'Earth and Planetary Sciences': ['Atmospheric Science']}",Society of Agricultural Meteorology of Japan/Nihon Nogyo Kisho Gakkai,"00218588, 18810136","<a href=""https://www.scimagojr.com/journalsearch.php?q=30706&amp;tip=sid&amp;exact=no"" title=""SCImago Journal &amp; Country Rank""><img border=""0"" src=""https://www.scimagojr.com/journal_img.php?id=30706"" alt=""SCImago Journal &amp; Country Rank""  /></a>"
Remote Sensing in Earth Systems Sciences,journal,0.417,Q3,13,92,https://www.scimagojr.com/journalsearch.php?q=21101107953&tip=sid&clean=0,Switzerland,"{'Earth and Planetary Sciences': ['Atmospheric Science', 'Computers in Earth Sciences', 'Earth and Planetary Sciences (miscellaneous)', 'Oceanography', 'Space and Planetary Science'], 'Social Sciences': ['Geography, Planning and Development']}",Springer Nature,"25208195, 25208209","<a href=""https://www.scimagojr.com/journalsearch.php?q=21101107953&amp;tip=sid&amp;exact=no"" title=""SCImago Journal &amp; Country Rank""><img border=""0"" src=""https://www.scimagojr.com/journal_img.php?id=21101107953"" alt=""SCImago Journal &amp; Country Rank""  /></a>"
GEUS Bulletin,journal,0.416,Q3,34,55,https://www.scimagojr.com/journalsearch.php?q=21101088902&tip=sid&clean=0,Denmark,"{'Earth and Planetary Sciences': ['Atmospheric Science', 'Earth and Planetary Sciences (miscellaneous)', 'Geology', 'Geophysics']}",GEUS - Geological Survey of Denmark and Greenland,"25972154, 25972162","<a href=""https://www.scimagojr.com/journalsearch.php?q=21101088902&amp;tip=sid&amp;exact=no"" title=""SCImago Journal &amp; Country Rank""><img border=""0"" src=""https://www.scimagojr.com/journal_img.php?id=21101088902"" alt=""SCImago Journal &amp; Country Rank""  /></a>"
Physical Geography,journal,0.414,Q3,47,145,https://www.scimagojr.com/journalsearch.php?q=23314&tip=sid&clean=0,United Kingdom,"{'Earth and Planetary Sciences': ['Atmospheric Science', 'Earth and Planetary Sciences (miscellaneous)'], 'Environmental Science': ['Environmental Science (miscellaneous)']}",Taylor and Francis Ltd.,02723646,"<a href=""https://www.scimagojr.com/journalsearch.php?q=23314&amp;tip=sid&amp;exact=no"" title=""SCImago Journal &amp; Country Rank""><img border=""0"" src=""https://www.scimagojr.com/journal_img.php?id=23314"" alt=""SCImago Journal &amp; Country Rank""  /></a>"
"Terrestrial, Atmospheric and Oceanic Sciences",journal,0.347,Q3,52,156,https://www.scimagojr.com/journalsearch.php?q=23885&tip=sid&clean=0,Switzerland,"{'Earth and Planetary Sciences': ['Atmospheric Science', 'Earth and Planetary Sciences (miscellaneous)', 'Oceanography']}",Springer International Publishing AG,"10170839, 23117680","<a href=""https://www.scimagojr.com/journalsearch.php?q=23885&amp;tip=sid&amp;exact=no"" title=""SCImago Journal &amp; Country Rank""><img border=""0"" src=""https://www.scimagojr.com/journal_img.php?id=23885"" alt=""SCImago Journal &amp; Country Rank""  /></a>"
Tree-Ring Research,journal,0.346,Q3,28,29,https://www.scimagojr.com/journalsearch.php?q=4400151611&tip=sid&clean=0,United States,"{'Agricultural and Biological Sciences': ['Forestry'], 'Earth and Planetary Sciences': ['Atmospheric Science', 'Geology', 'Paleontology']}",Tree Ring Society,15361098,"<a href=""https://www.scimagojr.com/journalsearch.php?q=4400151611&amp;tip=sid&amp;exact=no"" title=""SCImago Journal &amp; Country Rank""><img border=""0"" src=""https://www.scimagojr.com/journal_img.php?id=4400151611"" alt=""SCImago Journal &amp; Country Rank""  /></a>"
Journal of Tropical Meteorology,journal,0.341,Q3,13,116,https://www.scimagojr.com/journalsearch.php?q=19900193558&tip=sid&clean=0,China,{'Earth and Planetary Sciences': ['Atmospheric Science']},,"10044965, 10068775","<a href=""https://www.scimagojr.com/journalsearch.php?q=19900193558&amp;tip=sid&amp;exact=no"" title=""SCImago Journal &amp; Country Rank""><img border=""0"" src=""https://www.scimagojr.com/journal_img.php?id=19900193558"" alt=""SCImago Journal &amp; Country Rank""  /></a>"
Die Erde,journal,0.340,Q3,29,78,https://www.scimagojr.com/journalsearch.php?q=28104&tip=sid&clean=0,Germany,"{'Earth and Planetary Sciences': ['Atmospheric Science', 'Earth and Planetary Sciences (miscellaneous)'], 'Energy': ['Energy (miscellaneous)'], 'Environmental Science': ['Ecology'], 'Social Sciences': ['Social Sciences (miscellaneous)']}",Gesellschaft fur Erdkunde zu Berlin,00139998,"<a href=""https://www.scimagojr.com/journalsearch.php?q=28104&amp;tip=sid&amp;exact=no"" title=""SCImago Journal &amp; Country Rank""><img border=""0"" src=""https://www.scimagojr.com/journal_img.php?id=28104"" alt=""SCImago Journal &amp; Country Rank""  /></a>"
Asian Journal of Atmospheric Environment,journal,0.337,Q3,22,138,https://www.scimagojr.com/journalsearch.php?q=21100220432&tip=sid&clean=0,Switzerland,"{'Earth and Planetary Sciences': ['Atmospheric Science'], 'Environmental Science': ['Environmental Science (miscellaneous)']}",Springer International Publishing,"19766912, 22871160","<a href=""https://www.scimagojr.com/journalsearch.php?q=21100220432&amp;tip=sid&amp;exact=no"" title=""SCImago Journal &amp; Country Rank""><img border=""0"" src=""https://www.scimagojr.com/journal_img.php?id=21100220432"" alt=""SCImago Journal &amp; Country Rank""  /></a>"
Geographica Pannonica,journal,0.326,Q3,18,127,https://www.scimagojr.com/journalsearch.php?q=21100220389&tip=sid&clean=0,Serbia,"{'Business, Management and Accounting': ['Tourism, Leisure and Hospitality Management'], 'Earth and Planetary Sciences': ['Atmospheric Science', 'Earth-Surface Processes', 'Geology'], 'Social Sciences': ['Geography, Planning and Development']}",University of Novi Sad,"03548724, 18207138","<a href=""https://www.scimagojr.com/journalsearch.php?q=21100220389&amp;tip=sid&amp;exact=no"" title=""SCImago Journal &amp; Country Rank""><img border=""0"" src=""https://www.scimagojr.com/journal_img.php?id=21100220389"" alt=""SCImago Journal &amp; Country Rank""  /></a>"
Climate Research,journal,0.320,Q3,121,135,https://www.scimagojr.com/journalsearch.php?q=12175&tip=sid&clean=0,Germany,"{'Earth and Planetary Sciences': ['Atmospheric Science'], 'Environmental Science': ['Environmental Chemistry', 'Environmental Science (miscellaneous)']}",Inter-Research,"0936577X, 16161572","<a href=""https://www.scimagojr.com/journalsearch.php?q=12175&amp;tip=sid&amp;exact=no"" title=""SCImago Journal &amp; Country Rank""><img border=""0"" src=""https://www.scimagojr.com/journal_img.php?id=12175"" alt=""SCImago Journal &amp; Country Rank""  /></a>"
Arid Zone Research,journal,0.314,Q3,14,827,https://www.scimagojr.com/journalsearch.php?q=21101021719&tip=sid&clean=0,China,"{'Earth and Planetary Sciences': ['Atmospheric Science', 'Geology'], 'Environmental Science': ['Ecology', 'Environmental Science (miscellaneous)', 'Water Science and Technology']}",Springer Science + Business Media,10014675,"<a href=""https://www.scimagojr.com/journalsearch.php?q=21101021719&amp;tip=sid&amp;exact=no"" title=""SCImago Journal &amp; Country Rank""><img border=""0"" src=""https://www.scimagojr.com/journal_img.php?id=21101021719"" alt=""SCImago Journal &amp; Country Rank""  /></a>"
Arid Land Geography,journal,0.308,Q3,14,749,https://www.scimagojr.com/journalsearch.php?q=21101080101&tip=sid&clean=0,China,"{'Earth and Planetary Sciences': ['Atmospheric Science', 'Earth-Surface Processes', 'Geology'], 'Environmental Science': ['Ecology']}",Science China Press,10006060,"<a href=""https://www.scimagojr.com/journalsearch.php?q=21101080101&amp;tip=sid&amp;exact=no"" title=""SCImago Journal &amp; Country Rank""><img border=""0"" src=""https://www.scimagojr.com/journal_img.php?id=21101080101"" alt=""SCImago Journal &amp; Country Rank""  /></a>"
Chinese Journal of Agrometeorology,journal,0.292,Q3,14,321,https://www.scimagojr.com/journalsearch.php?q=21100866269&tip=sid&clean=0,China,"{'Agricultural and Biological Sciences': ['Agronomy and Crop Science', 'Forestry'], 'Earth and Planetary Sciences': ['Atmospheric Science']}",Editorial Board of Chinese Journal of Agrometeorology,10006362,"<a href=""https://www.scimagojr.com/journalsearch.php?q=21100866269&amp;tip=sid&amp;exact=no"" title=""SCImago Journal &amp; Country Rank""><img border=""0"" src=""https://www.scimagojr.com/journal_img.php?id=21100866269"" alt=""SCImago Journal &amp; Country Rank""  /></a>"
Revista Brasileira de Meteorologia,journal,0.290,Q4,20,170,https://www.scimagojr.com/journalsearch.php?q=21100242263&tip=sid&clean=0,Brazil,{'Earth and Planetary Sciences': ['Atmospheric Science']},Sociedade Brasileira de Meteorologia,"01027786, 19824351","<a href=""https://www.scimagojr.com/journalsearch.php?q=21100242263&amp;tip=sid&amp;exact=no"" title=""SCImago Journal &amp; Country Rank""><img border=""0"" src=""https://www.scimagojr.com/journal_img.php?id=21100242263"" alt=""SCImago Journal &amp; Country Rank""  /></a>"
Solnecno-Zemnaa Fizika,journal,0.289,Q4,7,108,https://www.scimagojr.com/journalsearch.php?q=21100944559&tip=sid&clean=0,Russian Federation,"{'Earth and Planetary Sciences': ['Atmospheric Science', 'Geophysics', 'Space and Planetary Science']}",Academic Publishing Center INFRA - M,"24124737, 25000535","<a href=""https://www.scimagojr.com/journalsearch.php?q=21100944559&amp;tip=sid&amp;exact=no"" title=""SCImago Journal &amp; Country Rank""><img border=""0"" src=""https://www.scimagojr.com/journal_img.php?id=21100944559"" alt=""SCImago Journal &amp; Country Rank""  /></a>"
Journal of Glaciology and Geocryology,journal,0.286,Q4,14,538,https://www.scimagojr.com/journalsearch.php?q=21101093008&tip=sid&clean=0,China,"{'Earth and Planetary Sciences': ['Atmospheric Science', 'Earth-Surface Processes', 'Geology', 'Geophysics']}",Science China Press,10000240,"<a href=""https://www.scimagojr.com/journalsearch.php?q=21101093008&amp;tip=sid&amp;exact=no"" title=""SCImago Journal &amp; Country Rank""><img border=""0"" src=""https://www.scimagojr.com/journal_img.php?id=21101093008"" alt=""SCImago Journal &amp; Country Rank""  /></a>"
Atmosfera,journal,0.284,Q4,38,123,https://www.scimagojr.com/journalsearch.php?q=12079&tip=sid&clean=0,Mexico,{'Earth and Planetary Sciences': ['Atmospheric Science']},Universidad Nacional Autonoma de Mexico,01876236,"<a href=""https://www.scimagojr.com/journalsearch.php?q=12079&amp;tip=sid&amp;exact=no"" title=""SCImago Journal &amp; Country Rank""><img border=""0"" src=""https://www.scimagojr.com/journal_img.php?id=12079"" alt=""SCImago Journal &amp; Country Rank""  /></a>"
Russian Meteorology and Hydrology,journal,0.280,Q4,24,256,https://www.scimagojr.com/journalsearch.php?q=35423&tip=sid&clean=0,United States,"{'Chemical Engineering': ['Fluid Flow and Transfer Processes'], 'Earth and Planetary Sciences': ['Atmospheric Science'], 'Environmental Science': ['Water Science and Technology']}",Pleiades Publishing,"10683739, 19348096","<a href=""https://www.scimagojr.com/journalsearch.php?q=35423&amp;tip=sid&amp;exact=no"" title=""SCImago Journal &amp; Country Rank""><img border=""0"" src=""https://www.scimagojr.com/journal_img.php?id=35423"" alt=""SCImago Journal &amp; Country Rank""  /></a>"
International Journal of Global Warming,journal,0.275,Q4,28,268,https://www.scimagojr.com/journalsearch.php?q=21100205986&tip=sid&clean=0,Switzerland,"{'Earth and Planetary Sciences': ['Atmospheric Science'], 'Environmental Science': ['Global and Planetary Change', 'Management, Monitoring, Policy and Law']}",Inderscience,"17582083, 17582091","<a href=""https://www.scimagojr.com/journalsearch.php?q=21100205986&amp;tip=sid&amp;exact=no"" title=""SCImago Journal &amp; Country Rank""><img border=""0"" src=""https://www.scimagojr.com/journal_img.php?id=21100205986"" alt=""SCImago Journal &amp; Country Rank""  /></a>"
Idojaras,journal,0.272,Q4,21,76,https://www.scimagojr.com/journalsearch.php?q=57242&tip=sid&clean=0,Hungary,{'Earth and Planetary Sciences': ['Atmospheric Science']},Hungarian Meteorological Service,03246329,"<a href=""https://www.scimagojr.com/journalsearch.php?q=57242&amp;tip=sid&amp;exact=no"" title=""SCImago Journal &amp; Country Rank""><img border=""0"" src=""https://www.scimagojr.com/journal_img.php?id=57242"" alt=""SCImago Journal &amp; Country Rank""  /></a>"
Mausam,journal,0.269,Q4,21,175,https://www.scimagojr.com/journalsearch.php?q=13430&tip=sid&clean=0,India,"{'Earth and Planetary Sciences': ['Atmospheric Science', 'Geophysics']}",India Meteorological Department,02529416,"<a href=""https://www.scimagojr.com/journalsearch.php?q=13430&amp;tip=sid&amp;exact=no"" title=""SCImago Journal &amp; Country Rank""><img border=""0"" src=""https://www.scimagojr.com/journal_img.php?id=13430"" alt=""SCImago Journal &amp; Country Rank""  /></a>"
Plateau Meteorology,journal,0.268,Q4,11,407,https://www.scimagojr.com/journalsearch.php?q=21101140412&tip=sid&clean=0,China,{'Earth and Planetary Sciences': ['Atmospheric Science']},Science China Press,10000534,"<a href=""https://www.scimagojr.com/journalsearch.php?q=21101140412&amp;tip=sid&amp;exact=no"" title=""SCImago Journal &amp; Country Rank""><img border=""0"" src=""https://www.scimagojr.com/journal_img.php?id=21101140412"" alt=""SCImago Journal &amp; Country Rank""  /></a>"
Journal of Agrometeorology,journal,0.264,Q4,17,210,https://www.scimagojr.com/journalsearch.php?q=19700182111&tip=sid&clean=0,India,"{'Agricultural and Biological Sciences': ['Agronomy and Crop Science', 'Forestry'], 'Earth and Planetary Sciences': ['Atmospheric Science']}",Association of Agrometeorologists,"09721665, 25832980","<a href=""https://www.scimagojr.com/journalsearch.php?q=19700182111&amp;tip=sid&amp;exact=no"" title=""SCImago Journal &amp; Country Rank""><img border=""0"" src=""https://www.scimagojr.com/journal_img.php?id=19700182111"" alt=""SCImago Journal &amp; Country Rank""  /></a>"
ASEAN Journal on Science and Technology for Development,journal,0.262,Q4,7,70,https://www.scimagojr.com/journalsearch.php?q=21101038737&tip=sid&clean=0,Indonesia,"{'Earth and Planetary Sciences': ['Atmospheric Science', 'Oceanography'], 'Environmental Science': ['Management, Monitoring, Policy and Law', 'Waste Management and Disposal']}",ASEAN Committee on Science and Technology,"02175460, 22249028","<a href=""https://www.scimagojr.com/journalsearch.php?q=21101038737&amp;tip=sid&amp;exact=no"" title=""SCImago Journal &amp; Country Rank""><img border=""0"" src=""https://www.scimagojr.com/journal_img.php?id=21101038737"" alt=""SCImago Journal &amp; Country Rank""  /></a>"
Acta Palaeontologica Romaniae,journal,0.256,Q4,5,31,https://www.scimagojr.com/journalsearch.php?q=21101056813&tip=sid&clean=0,Romania,"{'Agricultural and Biological Sciences': ['Ecology, Evolution, Behavior and Systematics'], 'Earth and Planetary Sciences': ['Atmospheric Science', 'Geology', 'Paleontology', 'Stratigraphy'], 'Environmental Science': ['Ecology']}",Romanian Society of Palaeontologists,"1842371X, 22483802","<a href=""https://www.scimagojr.com/journalsearch.php?q=21101056813&amp;tip=sid&amp;exact=no"" title=""SCImago Journal &amp; Country Rank""><img border=""0"" src=""https://www.scimagojr.com/journal_img.php?id=21101056813"" alt=""SCImago Journal &amp; Country Rank""  /></a>"
Atmospheric and Oceanic Optics,journal,0.251,Q4,25,388,https://www.scimagojr.com/journalsearch.php?q=21100431105&tip=sid&clean=0,United States,"{'Earth and Planetary Sciences': ['Atmospheric Science', 'Earth-Surface Processes', 'Oceanography'], 'Environmental Science': ['Ecological Modeling', 'Environmental Science (miscellaneous)', 'Pollution'], 'Physics and Astronomy': ['Atomic and Molecular Physics, and Optics', 'Instrumentation']}",Pleiades Publishing,"10248560, 20700393","<a href=""https://www.scimagojr.com/journalsearch.php?q=21100431105&amp;tip=sid&amp;exact=no"" title=""SCImago Journal &amp; Country Rank""><img border=""0"" src=""https://www.scimagojr.com/journal_img.php?id=21100431105"" alt=""SCImago Journal &amp; Country Rank""  /></a>"
Izvestiya - Atmospheric and Oceanic Physics,journal,0.247,Q4,35,337,https://www.scimagojr.com/journalsearch.php?q=14083&tip=sid&clean=0,United States,"{'Earth and Planetary Sciences': ['Atmospheric Science', 'Oceanography']}",Pleiades Publishing,"00014338, 1555628X","<a href=""https://www.scimagojr.com/journalsearch.php?q=14083&amp;tip=sid&amp;exact=no"" title=""SCImago Journal &amp; Country Rank""><img border=""0"" src=""https://www.scimagojr.com/journal_img.php?id=14083"" alt=""SCImago Journal &amp; Country Rank""  /></a>"
Italian Journal of Agrometeorology,journal,0.245,Q4,16,77,https://www.scimagojr.com/journalsearch.php?q=19700201526&tip=sid&clean=0,Italy,"{'Agricultural and Biological Sciences': ['Agronomy and Crop Science', 'Forestry'], 'Earth and Planetary Sciences': ['Atmospheric Science']}",Firenze University Press,"18248705, 20385625","<a href=""https://www.scimagojr.com/journalsearch.php?q=19700201526&amp;tip=sid&amp;exact=no"" title=""SCImago Journal &amp; Country Rank""><img border=""0"" src=""https://www.scimagojr.com/journal_img.php?id=19700201526"" alt=""SCImago Journal &amp; Country Rank""  /></a>"
Sains Tanah,journal,0.239,Q4,7,71,https://www.scimagojr.com/journalsearch.php?q=21101016524&tip=sid&clean=0,Indonesia,"{'Agricultural and Biological Sciences': ['Agronomy and Crop Science', 'Soil Science'], 'Earth and Planetary Sciences': ['Atmospheric Science'], 'Environmental Science': ['Pollution']}","Sebelas Maret University - Department of Soil Science, Faculty of Agriculture","14123606, 23561424","<a href=""https://www.scimagojr.com/journalsearch.php?q=21101016524&amp;tip=sid&amp;exact=no"" title=""SCImago Journal &amp; Country Rank""><img border=""0"" src=""https://www.scimagojr.com/journal_img.php?id=21101016524"" alt=""SCImago Journal &amp; Country Rank""  /></a>"
Boreal Environment Research,journal,0.238,Q4,63,25,https://www.scimagojr.com/journalsearch.php?q=23840&tip=sid&clean=0,Finland,"{'Agricultural and Biological Sciences': ['Agricultural and Biological Sciences (miscellaneous)'], 'Earth and Planetary Sciences': ['Atmospheric Science'], 'Environmental Science': ['Ecological Modeling', 'Pollution']}",Finnish Environment Institute,12396095,"<a href=""https://www.scimagojr.com/journalsearch.php?q=23840&amp;tip=sid&amp;exact=no"" title=""SCImago Journal &amp; Country Rank""><img border=""0"" src=""https://www.scimagojr.com/journal_img.php?id=23840"" alt=""SCImago Journal &amp; Country Rank""  /></a>"
Tethys,journal,0.228,Q4,7,8,https://www.scimagojr.com/journalsearch.php?q=21100212331&tip=sid&clean=0,Spain,{'Earth and Planetary Sciences': ['Atmospheric Science']},Associacio Catalana de Meteorologia (ACAM),"11393394, 16971523","<a href=""https://www.scimagojr.com/journalsearch.php?q=21100212331&amp;tip=sid&amp;exact=no"" title=""SCImago Journal &amp; Country Rank""><img border=""0"" src=""https://www.scimagojr.com/journal_img.php?id=21100212331"" alt=""SCImago Journal &amp; Country Rank""  /></a>"
Tropical Geography,journal,0.225,Q4,12,353,https://www.scimagojr.com/journalsearch.php?q=21101046627&tip=sid&clean=0,China,"{'Earth and Planetary Sciences': ['Atmospheric Science', 'Earth-Surface Processes', 'Economic Geology', 'Paleontology'], 'Social Sciences': ['Geography, Planning and Development']}",Editorial Committee of Tropical Geography,10015221,"<a href=""https://www.scimagojr.com/journalsearch.php?q=21101046627&amp;tip=sid&amp;exact=no"" title=""SCImago Journal &amp; Country Rank""><img border=""0"" src=""https://www.scimagojr.com/journal_img.php?id=21101046627"" alt=""SCImago Journal &amp; Country Rank""  /></a>"
Ukrainian Antarctic Journal,journal,0.217,Q4,5,30,https://www.scimagojr.com/journalsearch.php?q=21101076303&tip=sid&clean=0,Ukraine,"{'Agricultural and Biological Sciences': ['Agricultural and Biological Sciences (miscellaneous)'], 'Biochemistry, Genetics and Molecular Biology': ['Biochemistry, Genetics and Molecular Biology (miscellaneous)'], 'Earth and Planetary Sciences': ['Atmospheric Science', 'Geochemistry and Petrology', 'Geology', 'Geophysics', 'Oceanography']}",State Institution National Antarctic Scientific Center of the Ministry of Education and Science of Ukraine,"17277485, 24153087","<a href=""https://www.scimagojr.com/journalsearch.php?q=21101076303&amp;tip=sid&amp;exact=no"" title=""SCImago Journal &amp; Country Rank""><img border=""0"" src=""https://www.scimagojr.com/journal_img.php?id=21101076303"" alt=""SCImago Journal &amp; Country Rank""  /></a>"
Przeglad Geologiczny,journal,0.216,Q4,35,79,https://www.scimagojr.com/journalsearch.php?q=25769&tip=sid&clean=0,Poland,"{'Earth and Planetary Sciences': ['Atmospheric Science', 'Geology']}",Polish Geological Institute,00332151,"<a href=""https://www.scimagojr.com/journalsearch.php?q=25769&amp;tip=sid&amp;exact=no"" title=""SCImago Journal &amp; Country Rank""><img border=""0"" src=""https://www.scimagojr.com/journal_img.php?id=25769"" alt=""SCImago Journal &amp; Country Rank""  /></a>"
Advances in Polar Science,journal,0.205,Q4,5,51,https://www.scimagojr.com/journalsearch.php?q=21101021433&tip=sid&clean=0,China,"{'Earth and Planetary Sciences': ['Atmospheric Science', 'Geology', 'Oceanography'], 'Environmental Science': ['Ecology']}",,16749928,"<a href=""https://www.scimagojr.com/journalsearch.php?q=21101021433&amp;tip=sid&amp;exact=no"" title=""SCImago Journal &amp; Country Rank""><img border=""0"" src=""https://www.scimagojr.com/journal_img.php?id=21101021433"" alt=""SCImago Journal &amp; Country Rank""  /></a>"
Revista Brasileira de Geografia Fisica,journal,0.189,Q4,9,414,https://www.scimagojr.com/journalsearch.php?q=21101034113&tip=sid&clean=0,Brazil,"{'Earth and Planetary Sciences': ['Atmospheric Science', 'Computers in Earth Sciences', 'Earth-Surface Processes', 'Geophysics'], 'Environmental Science': ['Environmental Science (miscellaneous)'], 'Social Sciences': ['Geography, Planning and Development']}",Universidade Federal de Pernambuco,19842295,"<a href=""https://www.scimagojr.com/journalsearch.php?q=21101034113&amp;tip=sid&amp;exact=no"" title=""SCImago Journal &amp; Country Rank""><img border=""0"" src=""https://www.scimagojr.com/journal_img.php?id=21101034113"" alt=""SCImago Journal &amp; Country Rank""  /></a>"
Glasnik - Srpskog Geografskog Drustva,journal,0.160,Q4,5,27,https://www.scimagojr.com/journalsearch.php?q=35961&tip=sid&clean=0,Serbia,"{'Earth and Planetary Sciences': ['Atmospheric Science', 'Geology'], 'Environmental Science': ['Global and Planetary Change'], 'Social Sciences': ['Education', 'Geography, Planning and Development']}",Geografsko Drustvo,"03503593, 2406078X","<a href=""https://www.scimagojr.com/journalsearch.php?q=35961&amp;tip=sid&amp;exact=no"" title=""SCImago Journal &amp; Country Rank""><img border=""0"" src=""https://www.scimagojr.com/journal_img.php?id=35961"" alt=""SCImago Journal &amp; Country Rank""  /></a>"
International Journal of Climate Change: Impacts and Responses,journal,0.150,Q4,5,27,https://www.scimagojr.com/journalsearch.php?q=21100824048&tip=sid&clean=0,United States,"{'Earth and Planetary Sciences': ['Atmospheric Science'], 'Environmental Science': ['Global and Planetary Change', 'Management, Monitoring, Policy and Law']}",Common Ground Research Networks,"18357156, 28334140","<a href=""https://www.scimagojr.com/journalsearch.php?q=21100824048&amp;tip=sid&amp;exact=no"" title=""SCImago Journal &amp; Country Rank""><img border=""0"" src=""https://www.scimagojr.com/journal_img.php?id=21100824048"" alt=""SCImago Journal &amp; Country Rank""  /></a>"
Revista de Geociencias do Nordeste,journal,0.143,Q4,4,29,https://www.scimagojr.com/journalsearch.php?q=21101144798&tip=sid&clean=0,Brazil,"{'Earth and Planetary Sciences': ['Atmospheric Science', 'Earth and Planetary Sciences (miscellaneous)', 'Earth-Surface Processes', 'Geology']}",Universidade Federal do Rio Grande do Norte,24473359,"<a href=""https://www.scimagojr.com/journalsearch.php?q=21101144798&amp;tip=sid&amp;exact=no"" title=""SCImago Journal &amp; Country Rank""><img border=""0"" src=""https://www.scimagojr.com/journal_img.php?id=21101144798"" alt=""SCImago Journal &amp; Country Rank""  /></a>"
Meteorologica,journal,0.142,Q4,4,11,https://www.scimagojr.com/journalsearch.php?q=21100781512&tip=sid&clean=0,Argentina,{'Earth and Planetary Sciences': ['Atmospheric Science']},Centro Argentino de Meteorologos,"0325187X, 1850468X","<a href=""https://www.scimagojr.com/journalsearch.php?q=21100781512&amp;tip=sid&amp;exact=no"" title=""SCImago Journal &amp; Country Rank""><img border=""0"" src=""https://www.scimagojr.com/journal_img.php?id=21100781512"" alt=""SCImago Journal &amp; Country Rank""  /></a>"
Chinese Journal of Polar Research,journal,0.138,Q4,4,54,https://www.scimagojr.com/journalsearch.php?q=21101046253&tip=sid&clean=0,China,"{'Earth and Planetary Sciences': ['Atmospheric Science', 'Geology'], 'Environmental Science': ['Ecology']}",Editorial Office of Polar Research,10077073,"<a href=""https://www.scimagojr.com/journalsearch.php?q=21101046253&amp;tip=sid&amp;exact=no"" title=""SCImago Journal &amp; Country Rank""><img border=""0"" src=""https://www.scimagojr.com/journal_img.php?id=21101046253"" alt=""SCImago Journal &amp; Country Rank""  /></a>"
Geoadria,journal,0.138,Q4,5,13,https://www.scimagojr.com/journalsearch.php?q=34418&tip=sid&clean=0,Croatia,"{'Earth and Planetary Sciences': ['Atmospheric Science', 'Earth-Surface Processes'], 'Social Sciences': ['Demography', 'Geography, Planning and Development']}",Croatian Geographical Society,13312294,"<a href=""https://www.scimagojr.com/journalsearch.php?q=34418&amp;tip=sid&amp;exact=no"" title=""SCImago Journal &amp; Country Rank""><img border=""0"" src=""https://www.scimagojr.com/journal_img.php?id=34418"" alt=""SCImago Journal &amp; Country Rank""  /></a>"
Geographische Rundschau,journal,0.138,Q4,13,15,https://www.scimagojr.com/journalsearch.php?q=28756&tip=sid&clean=0,Germany,"{'Earth and Planetary Sciences': ['Atmospheric Science'], 'Energy': ['Energy (miscellaneous)'], 'Environmental Science': ['Water Science and Technology'], 'Social Sciences': ['Geography, Planning and Development']}",Westermann Schulbuchverlag GmbH,00167460,"<a href=""https://www.scimagojr.com/journalsearch.php?q=28756&amp;tip=sid&amp;exact=no"" title=""SCImago Journal &amp; Country Rank""><img border=""0"" src=""https://www.scimagojr.com/journal_img.php?id=28756"" alt=""SCImago Journal &amp; Country Rank""  /></a>"
Przeglad Geofizyczny,journal,0.138,Q4,12,7,https://www.scimagojr.com/journalsearch.php?q=28578&tip=sid&clean=0,Poland,{'Earth and Planetary Sciences': ['Atmospheric Science']},Polish Geophysical Society,"00332135, 25441655","<a href=""https://www.scimagojr.com/journalsearch.php?q=28578&amp;tip=sid&amp;exact=no"" title=""SCImago Journal &amp; Country Rank""><img border=""0"" src=""https://www.scimagojr.com/journal_img.php?id=28578"" alt=""SCImago Journal &amp; Country Rank""  /></a>"
"Issledovanie Zemli iz Kosmosa, (Earth Research from Space)",journal,0.131,Q4,9,15,https://www.scimagojr.com/journalsearch.php?q=32265&tip=sid&clean=0,Switzerland,"{'Earth and Planetary Sciences': ['Atmospheric Science', 'Computers in Earth Sciences', 'Geology', 'Space and Planetary Science'], 'Engineering': ['Control and Systems Engineering']}",Harwood Academic Publishers,02059614,"<a href=""https://www.scimagojr.com/journalsearch.php?q=32265&amp;tip=sid&amp;exact=no"" title=""SCImago Journal &amp; Country Rank""><img border=""0"" src=""https://www.scimagojr.com/journal_img.php?id=32265"" alt=""SCImago Journal &amp; Country Rank""  /></a>"
Journal of the Earth and Space Physics,journal,0.130,Q4,8,43,https://www.scimagojr.com/journalsearch.php?q=19700201418&tip=sid&clean=0,Iran,"{'Earth and Planetary Sciences': ['Atmospheric Science', 'Earth-Surface Processes', 'Geophysics']}","Institute of Geophysics, Tehran University","2538371X, 25383906","<a href=""https://www.scimagojr.com/journalsearch.php?q=19700201418&amp;tip=sid&amp;exact=no"" title=""SCImago Journal &amp; Country Rank""><img border=""0"" src=""https://www.scimagojr.com/journal_img.php?id=19700201418"" alt=""SCImago Journal &amp; Country Rank""  /></a>"
Papers in Meteorology and Geophysics,journal,0.111,Q4,17,0,https://www.scimagojr.com/journalsearch.php?q=14052&tip=sid&clean=0,Japan,"{'Earth and Planetary Sciences': ['Atmospheric Science', 'Geophysics']}",Meteorological Research Institute,"0031126X, 18806643","<a href=""https://www.scimagojr.com/journalsearch.php?q=14052&amp;tip=sid&amp;exact=no"" title=""SCImago Journal &amp; Country Rank""><img border=""0"" src=""https://www.scimagojr.com/journal_img.php?id=14052"" alt=""SCImago Journal &amp; Country Rank""  /></a>"
Mitteilungen - Verbandes der Deutschen Hohlen- Und Karstforscher,journal,0.102,Q4,6,0,https://www.scimagojr.com/journalsearch.php?q=26922&tip=sid&clean=0,Germany,{'Earth and Planetary Sciences': ['Atmospheric Science']},Verband der Deutschen Hohlen- und Karstforscher e.V.,05052211,"<a href=""https://www.scimagojr.com/journalsearch.php?q=26922&amp;tip=sid&amp;exact=no"" title=""SCImago Journal &amp; Country Rank""><img border=""0"" src=""https://www.scimagojr.com/journal_img.php?id=26922"" alt=""SCImago Journal &amp; Country Rank""  /></a>"
